gender,n,token_count_mean,token_count_sd,ttr_mean,ttr_sd,pronoun_count_mean,pronoun_count_sd,emotion_count_mean,emotion_count_sd
female,50,37.38,28.957315525596975,0.8616373179181244,0.11154881251229827,2.8,2.8784916685156983,0.46,0.885483840989242
male,434,22.97004608294931,24.72288028724891,0.9170027621681488,0.1001350021068123,1.7972350230414746,2.814576329095383,0.23732718894009217,0.585733585048675
